(null),10046158
三巧,14931024
裙下之臣,15729459
举杯、消愁,16183817
人生如茶,16970068
黄药师,21459029
涵,13870307
饕餮,22070938
奇迹,10057011
L-Q,10044585
Mr、小三,15264033
时来运转,21868347
红太阳,10052579
AI+教育,21529377
盆老师,14751229
小口余,19420763
黑哥,13404235
唯一,18848907
小玉,14621226
A谫Y,18792150
樱桃,10064794
随心所欲,14750339
小刚,10051784
二哥?,10107396
(null),21548150
(null),20897408
(null),16280409
A兴盛外架,14785894
 Aperson*,16717640
Hope*,10080836
郭涛,22552720
如初,14294582
不够格,20504703
冷小杰,16905393
口倩囗,22706247
Aure,20244886
口达文西,16197926
小歪,13659094
bobo,13173891
海阔天空,14825607
开心过,10047388
小乖,14249466
心简如素,10045963
瞌睡xx,10032352
起点@终点,10086400
Li,20906925
幸福一生,14897684
开心阳光,10066377
zxj,87888888
